<?xml version="1.0" encoding="UTF-8" ?>
<!DOCTYPE struts PUBLIC
        "-//Apache Software Foundation//DTD Struts Configuration 2.5//EN"
        "http://struts.apache.org/dtds/struts-2.5.dtd">

<struts>
    <package name="control" namespace="/control" extends="default" strict-method-invocation="false">
    	<global-results>
            <result name="error">/WEB-INF/jsp/error.jsp</result>
        </global-results>

        <global-exception-mappings>
            <exception-mapping exception="java.lang.Exception" result="error"/>
        </global-exception-mappings>
        
        <!-- parameter -->
        <action name="initParameter*" method="initParameter{1}" class="cn.com.voltronicpower.web.action.ParameterAction">
        	<result name="success">/WEB-INF/jsp/control/Parameter{1}.jsp</result>
        </action>
        <action name="apply*" method="apply{1}" class="cn.com.voltronicpower.web.action.ParameterAction"></action>
        <action name="getValueByType" method="getValueByType" class="cn.com.voltronicpower.web.action.ParameterAction"></action>
        
          <!-- Taurus UPS Status -->
        <action name="initTaurusUPSStatus" method="initTaurusUPSStatus" class="cn.com.voltronicpower.web.action.ParameterAction">
           <result name="success">/WEB-INF/jsp/control/TaurusUPSStatus.jsp</result>
        </action>
        <!-- purchase infomation -->
        <action name="getBuyInfo" method="getBuyInfo" class="cn.com.voltronicpower.web.action.PurchaseAction">
        	<result name="success">/WEB-INF/jsp/control/purchase.jsp</result>
        </action>
        <action name="updateBuyInfo" method="updateBuyInfo" class="cn.com.voltronicpower.web.action.PurchaseAction"></action>
        
        
        
        
        <!-- Real-time control -->
        <action name="initRealTimeCtrl*" method="initRealTimeCtrl{1}" class="cn.com.voltronicpower.web.action.ControlAction">
        	<result name="success">/WEB-INF/jsp/control/RealTimeCtrl{1}.jsp</result>
        </action>
        <action name="realTimeCtrl" method="realTimeCtrl" class="cn.com.voltronicpower.web.action.ControlAction"></action>
        
        <!-- Power plan -->
        <action name="initPowerPlan" method="initPowerPlan" class="cn.com.voltronicpower.web.action.ControlAction">
        	<result name="success">/WEB-INF/jsp/control/PowerPlan.jsp</result>
        </action>
        <action name="initPowerPlanList" method="initPowerPlanList" class="cn.com.voltronicpower.web.action.ControlAction">
        	<result name="success">/WEB-INF/jsp/control/PowerPlanList.jsp</result>
        </action>
        <action name="addPowerPlan" method="addPowerPlan" class="cn.com.voltronicpower.web.action.ControlAction"></action>
        <action name="delPowerPlan" method="delPowerPlan" class="cn.com.voltronicpower.web.action.ControlAction"></action>
        
        <!-- Battery test plan -->
        <action name="initBatteryTestPlan" method="initBatteryTestPlan" class="cn.com.voltronicpower.web.action.ControlAction">
        	<result name="success">/WEB-INF/jsp/control/BatteryTestPlan.jsp</result>
        </action>
        <action name="initBatteryTestPlanList" method="initBatteryTestPlanList" class="cn.com.voltronicpower.web.action.ControlAction">
        	<result name="success">/WEB-INF/jsp/control/BatteryTestPlanList.jsp</result>
        </action>
        
        <action name="addTestPlan" method="addTestPlan" class="cn.com.voltronicpower.web.action.ControlAction"></action>
        <action name="delTestPlan" method="delTestPlan" class="cn.com.voltronicpower.web.action.ControlAction"></action>
         
    </package>
</struts>
