<?xml version="1.0" encoding="UTF-8" ?>
<!DOCTYPE struts PUBLIC
        "-//Apache Software Foundation//DTD Struts Configuration 2.5//EN"
        "http://struts.apache.org/dtds/struts-2.5.dtd">

<struts>
    <package name="history" namespace="/history" extends="default">
    	<global-results>
            <result name="error">/WEB-INF/jsp/error.jsp</result>
        </global-results>

        <global-exception-mappings>
            <exception-mapping exception="java.lang.Exception" result="error"/>
        </global-exception-mappings>
        
        <!-- history -->
        <action name="initHistory" method="initHistory" class="cn.com.voltronicpower.web.action.HistoryAction">
        	<result name="success">/WEB-INF/jsp/history/history.jsp</result>
        </action>
        <action name="getProdids" method="getProdids" class="cn.com.voltronicpower.web.action.HistoryAction"></action>
        <action name="getSNs" method="getSNs" class="cn.com.voltronicpower.web.action.HistoryAction"></action>
        
        <!-- Event Record -->
        <action name="initEventRecord" method="initEventRecord" class="cn.com.voltronicpower.web.action.HistoryAction">
        	<result name="success">/WEB-INF/jsp/history/EventRecord.jsp</result>
        </action>
        <action name="qryEventRecords" method="qryEventRecords" class="cn.com.voltronicpower.web.action.HistoryAction">
        	<result name="success">/WEB-INF/jsp/history/EventRecordList.jsp</result>
        </action>
        <action name="delRecord" method="delRecord" class="cn.com.voltronicpower.web.action.HistoryAction"></action>
        <action name="delEventRecordAll" method="delEventRecordAll" class="cn.com.voltronicpower.web.action.HistoryAction"></action>
        <action name="exportExcel" method="exportExcel" class="cn.com.voltronicpower.web.action.HistoryAction">
        	<result name="excel" type="stream">
			    <param name="contentType">application/vnd.ms-excel</param>
			    <param name="inputName">inputStream</param>
			    <param name="contentDisposition">  
                    attachment;filename="${xlsname}"
                </param>  
			    <param name="bufferSize">4096</param>
		   </result>
        </action>
        
        <!-- Event Stats -->
        <action name="initEventStats" method="initEventStats" class="cn.com.voltronicpower.web.action.HistoryAction">
        	<result name="success">/WEB-INF/jsp/history/EventStats.jsp</result>
        </action>
        <action name="qryEventStats" method="qryEventStats" class="cn.com.voltronicpower.web.action.HistoryAction">
        	<!-- <result name="success">/WEB-INF/jsp/history/EventStatsList.jsp</result> -->
        </action>
        
        <!-- History Data -->
        <action name="initHistoryData" method="initHistoryData" class="cn.com.voltronicpower.web.action.HistoryAction">
        	<result name="success">/WEB-INF/jsp/history/HistoryData.jsp</result>
        </action>
        <action name="qryHistoryDatas" method="qryHistoryDatas" class="cn.com.voltronicpower.web.action.HistoryAction">
        	<result name="success">/WEB-INF/jsp/history/HistoryDataList.jsp</result>
        </action>
        <action name="delHistoryDataAll" method="delHistoryDataAll" class="cn.com.voltronicpower.web.action.HistoryAction"></action>
         
        <!-- History Charts -->
        <action name="initHistoryChart" method="initHistoryChart" class="cn.com.voltronicpower.web.action.HistoryAction">
        	<result name="success">/WEB-INF/jsp/history/HistoryChart.jsp</result>
        </action>
        <action name="initHistoryChartItmes" method="initHistoryChartItmes" class="cn.com.voltronicpower.web.action.HistoryAction">
        	<result name="success">/WEB-INF/jsp/history/HistoryChartItems.jsp</result>
        </action>
        <action name="createHistoryChart" method="createHistoryChart" class="cn.com.voltronicpower.web.action.HistoryAction">
        	<result name="success">/WEB-INF/jsp/history/HistoryChartDiagram.jsp</result>
        </action>
        
        <action name="createHistoryChart1" method="createHistoryChart1" class="cn.com.voltronicpower.web.action.HistoryAction">
        	<result name="success">/WEB-INF/jsp/history/HistoryChartDiagram1.jsp</result>
        </action>
        <action name="createHistoryChart2" method="createHistoryChart2" class="cn.com.voltronicpower.web.action.HistoryAction">
        	<result name="success">/WEB-INF/jsp/history/HistoryChartDiagram2.jsp</result>
        </action>
    </package>
</struts>
