<?xml version="1.0" encoding="UTF-8" ?>
<!DOCTYPE struts PUBLIC
        "-//Apache Software Foundation//DTD Struts Configuration 2.5//EN"
        "http://struts.apache.org/dtds/struts-5.0.dtd">

<struts>
    <package name="login" namespace="/login" extends="default">
    	<global-results>
            <result name="error">/WEB-INF/jsp/error.jsp</result>
        </global-results>

        <global-exception-mappings>
            <exception-mapping exception="java.lang.Exception" result="error"/>
        </global-exception-mappings>
        <action name="getLoginValue" method="getLoginValue" class="cn.com.voltronicpower.web.action.LoginAction"></action>
        <action name="userLogin" method="userLogin" class="cn.com.voltronicpower.web.action.LoginAction"></action>
        <action name="userLogout" method="userLogout" class="cn.com.voltronicpower.web.action.LoginAction"></action>
        <action name="updatePassword" method="updatePassword" class="cn.com.voltronicpower.web.action.LoginAction"></action>
    </package>
</struts>
