<?xml version="1.0" encoding="UTF-8" ?>
<!DOCTYPE struts PUBLIC
        "-//Apache Software Foundation//DTD Struts Configuration 2.5//EN"
        "http://struts.apache.org/dtds/struts-2.5.dtd">

<struts>
    <package name="shutdown" namespace="/shutdown" extends="default">
        <!-- Local shutdown -->
        <action name="initLocalShutdown" method="initLocalShutdown" class="cn.com.voltronicpower.web.action.ShutdownAction">
        	<result name="success">/WEB-INF/jsp/shutdown/LocalShutdown.jsp</result>
        </action>
        <action name="getRemoteShutdown" method="getRemoteShutdown" class="cn.com.voltronicpower.web.action.ShutdownAction"></action>
        <action name="getDefaultLocal" method="getDefaultLocal" class="cn.com.voltronicpower.web.action.ShutdownAction"></action>
        <action name="updateLocalShutdown" method="updateLocalShutdown" class="cn.com.voltronicpower.web.action.ShutdownAction"></action>
        <action name="initRemoteShutdown" method="initRemoteShutdown" class="cn.com.voltronicpower.web.action.ShutdownAction">
        	<result name="success">/WEB-INF/jsp/shutdown/RemoteShutdown.jsp</result>
        </action>
        <action name="updateRemoteShutdown" method="updateRemoteShutdown" class="cn.com.voltronicpower.web.action.ShutdownAction"></action>
        <action name="getDefaultRemote" method="getDefaultRemote" class="cn.com.voltronicpower.web.action.ShutdownAction"></action>
        <action name="removeRemoteIP" method="removeRemoteIP" class="cn.com.voltronicpower.web.action.ShutdownAction"></action>
        <action name="getSSHInfo" method="getSSHInfo" class="cn.com.voltronicpower.web.action.ShutdownAction"></action>
        <action name="updatelocalpwd" method="updatelocalpwd" class="cn.com.voltronicpower.web.action.ShutdownAction"></action>
        
    </package>
</struts>
