<?xml version="1.0" encoding="UTF-8" ?>
<!DOCTYPE struts PUBLIC
        "-//Apache Software Foundation//DTD Struts Configuration 2.5//EN"
        "http://struts.apache.org/dtds/struts-2.5.dtd">

<struts>
    <package name="workstatus" namespace="/workstatus" extends="default">
    	<global-results>
            <result name="error">/WEB-INF/jsp/error.jsp</result>
        </global-results>

        <global-exception-mappings>
            <exception-mapping exception="java.lang.Exception" result="error"/>
        </global-exception-mappings>
        
        <action name="initPowerFlow" method="initPowerFlow" class="cn.com.voltronicpower.web.action.WorkStatusAction">
        	<result name="success">/WEB-INF/jsp/workstatus/powerflow.jsp</result>
        </action>
        <action name="initUPSinfo" method="initUPSinfo" class="cn.com.voltronicpower.web.action.WorkStatusAction">
        	<result name="success">/WEB-INF/jsp/workstatus/upsinfo.jsp</result>
        </action>
        
        <action name="initDiagram" method="initDiagram" class="cn.com.voltronicpower.web.action.WorkStatusAction">
        	<result name="success">/WEB-INF/jsp/workstatus/diagram.jsp</result>
        </action>
        
        <action name="createchart" method="createchart" class="cn.com.voltronicpower.web.action.WorkStatusAction">
        	<result name="success">/WEB-INF/jsp/workstatus/diagramchart.jsp</result>
        </action>
        
        <action name="createchart1" method="createchart1" class="cn.com.voltronicpower.web.action.WorkStatusAction">
        	<result name="success">/WEB-INF/jsp/workstatus/diagramchart1.jsp</result>
        </action>
        <action name="createchart2" method="createchart2" class="cn.com.voltronicpower.web.action.WorkStatusAction">
        	<result name="success">/WEB-INF/jsp/workstatus/diagramchart2.jsp</result>
        </action>
        
        <action name="initModulesInfo" method="initModulesInfo" class="cn.com.voltronicpower.web.action.WorkStatusAction">
        	<result name="success">/WEB-INF/jsp/workstatus/modulesUpsinfo.jsp</result>
        </action>       
        <action name="reqMonitorData" method="reqMonitorData" class="cn.com.voltronicpower.web.action.WorkStatusAction"></action>
    
    </package>
</struts>
