<?xml version="1.0" encoding="UTF-8" ?>
<!DOCTYPE struts PUBLIC
	"-//Apache Software Foundation//DTD Struts Configuration 2.5//EN"
	"http://struts.apache.org/dtds/struts-2.5.dtd">

<struts>

	<constant name="struts.custom.i18n.resources" value="messages"></constant>

    <package name="default" namespace="/" extends="struts-default">

        <default-action-ref name="index" />

        <global-results>
            <result name="error">/WEB-INF/jsp/error.jsp</result>
        </global-results>

        <global-exception-mappings>
            <exception-mapping exception="java.lang.Exception" result="error"/>
        </global-exception-mappings>
		<action name="reqComPorts" method="reqComPorts" class="cn.com.voltronicpower.web.action.BaseAction"></action>
		<action name="isInitialized" method="isInitialized" class="cn.com.voltronicpower.web.action.InitializeAction"></action>
		<action name="monitor" method="initMonitor" class="cn.com.voltronicpower.web.action.InitializeAction">
			<result name="success">/WEB-INF/jsp/monitor.jsp</result>
		</action>
		<action name="initDeviceTree" method="initDeviceTree" class="cn.com.voltronicpower.web.action.InitializeAction">
		</action>
		<action name="initWorkStatus" method="initWorkStatus" class="cn.com.voltronicpower.web.action.InitializeAction">
			<result name="success">/WEB-INF/jsp/workstatus/workstatus.jsp</result>
		</action>
		<action name="initDeviceSearch" method="initDeviceSearch" class="cn.com.voltronicpower.web.action.InitializeAction">
			<result name="success">/WEB-INF/jsp/workstatus/monitorPointInfo.jsp</result>
		</action>
		<action name="initSearchPlan" method="initSearchPlan" class="cn.com.voltronicpower.web.action.InitializeAction">
			<result name="success">/WEB-INF/jsp/workstatus/SearchPlan.jsp</result>
		</action>
		
		<action name="initSetting" method="initSetting" class="cn.com.voltronicpower.web.action.InitializeAction">
			<result name="success">/WEB-INF/jsp/setting/setting.jsp</result>
		</action>
		<action name="initMenu" method="initMenu" class="cn.com.voltronicpower.web.action.InitializeAction">
			<result name="success">/WEB-INF/jsp/menus.jsp</result>
		</action>
		<action name="initBrower" method="initBrower" class="cn.com.voltronicpower.web.action.InitializeAction">
			<result name="success">/WEB-INF/jsp/nosupport.jsp</result>
		</action>
		<action name="monitoringWorkStatus" method="monitoringWorkStatus" class="cn.com.voltronicpower.web.action.InitializeAction"></action>
		<action name="queryUpsInfo" method="queryUpsInfo" class="cn.com.voltronicpower.web.action.InitializeAction"></action>
		<action name="queryInterfaces" method="queryInterfaces" class="cn.com.voltronicpower.web.action.InitializeAction"></action>
		<action name="querySearchUps" method="querySearchUps" class="cn.com.voltronicpower.web.action.InitializeAction"></action>
		<action name="queryAutoSearch" method="queryAutoSearch" class="cn.com.voltronicpower.web.action.InitializeAction"></action>
    	<action name="SearchServlet" method="SearchServlet" class="cn.com.voltronicpower.web.action.InitializeAction"></action>
    </package>
 	<include file="struts/workstatus.xml"/>
 	<include file="struts/login.xml"/>
 	<include file="struts/config.xml"/>
 	<include file="struts/control.xml"/>
 	<include file="struts/shutdown.xml"/>
 	<include file="struts/history.xml"/>
</struts>
